{
  "information": "這是開發階段測試用的暫時資料，將於下個階段被 RESTful API 的後台資料所取代",
  "format": ["name", "pic_path", "sort", "spec", "price", "number"],
  "result": [
    {
      "name": "Plus+機能保健系列 泌尿道紓壓保健",
      "pic_path": "PR0000001611.jpg",
      "sort": "",
      "spec": "1.5g x 30入",
      "price": 450,
      "number": 1
    },
    {
      "name": "花花拾便器套裝",
      "pic_path": "PR0000002581.jpg",
      "sort": "補充替換袋",
      "spec": "單入 (拾便器+拾便袋1捲)",
      "price": 150,
      "number": 2
    },
    {
      "name": "LINSLINS寵物漏食玩具 - 魔法小兔帽",
      "pic_path": "PR0000003971.jpg",
      "sort": "魔法小兔帽",
      "spec": "",
      "price": 250,
      "number": 1
    }
  ]
}
